grp_EQ_Pipeline_VITIS_LOOP_165_1_fu_154,VITIS_LOOP_165_1,upc_loop_status1.csv
grp_fft_fu_175,VITIS_LOOP_53_2,seq_loop_status1.csv
grp_fft_fu_175,VITIS_LOOP_68_5,seq_loop_status2.csv
grp_fft_fu_175,VITIS_LOOP_66_4,seq_loop_status3.csv
grp_fft_fu_175,VITIS_LOOP_63_3,seq_loop_status4.csv
grp_fft_fu_175.grp_init_twiddle_fu_248,VITIS_LOOP_27_1,pp_loop_status1.csv
grp_fft_fu_175.grp_fft_Pipeline_VITIS_LOOP_50_1_fu_272,VITIS_LOOP_50_1,upc_loop_status2.csv
grp_fft_fu_175.grp_fft_Pipeline_VITIS_LOOP_38_1_fu_280,VITIS_LOOP_38_1,upc_loop_status3.csv
grp_fft_fu_175.grp_fft_Pipeline_VITIS_LOOP_90_6_fu_287,VITIS_LOOP_90_6,upc_loop_status4.csv
grp_EQ_Pipeline_VITIS_LOOP_187_2_fu_209,VITIS_LOOP_187_2,upc_loop_status5.csv
