,AESL_inst_EQ,,module_status1.csv
,grp_EQ_Pipeline_VITIS_LOOP_165_1_fu_154,,module_status2.csv
,grp_fft_fu_175,,module_status3.csv
grp_fft_fu_175,grp_init_twiddle_fu_248,,module_status4.csv
grp_fft_fu_175.grp_init_twiddle_fu_248,grp_sin_or_cos_double_s_fu_134,,module_status5.csv
grp_fft_fu_175.grp_init_twiddle_fu_248,grp_sin_or_cos_double_s_fu_153,,module_status6.csv
grp_fft_fu_175,grp_fft_Pipeline_VITIS_LOOP_50_1_fu_272,,module_status7.csv
grp_fft_fu_175,grp_fft_Pipeline_VITIS_LOOP_38_1_fu_280,,module_status8.csv
grp_fft_fu_175,grp_fft_Pipeline_VITIS_LOOP_90_6_fu_287,,module_status9.csv
,grp_EQ_Pipeline_VITIS_LOOP_98_1_fu_201,,module_status10.csv
,grp_EQ_Pipeline_VITIS_LOOP_187_2_fu_209,,module_status11.csv
